,items_base,items_add,confidence,lift
0,['OpponentPoints0.2-True'],['WINorLOSS-True'],1.0,1.2905405405405406
1,"['OpponentPoints0.2-True', 'Opp.Blocks0.6-False']",['WINorLOSS-True'],1.0,1.2905405405405406
2,"['OpponentPoints0.2-True', 'TotalFouls0.8-True']",['WINorLOSS-True'],1.0,1.2905405405405406
3,"['OpponentPoints0.2-True', 'Opp.FieldGoalsAttempted0.8-True']",['WINorLOSS-True'],1.0,1.2905405405405406
4,"['OpponentPoints0.2-True', 'Opp.FieldGoalsAttempted0.8-True', 'TotalFouls0.8-True']",['WINorLOSS-True'],1.0,1.2905405405405406
5,"['Opp.3PointShots.0.8-True', 'TotalFouls0.8-True']",['WINorLOSS-True'],0.9469453376205786,1.222071347875206
6,['Opp.FieldGoals0.2-True'],['WINorLOSS-True'],0.9418238993710691,1.215461924188339
7,"['Opp.FieldGoals0.2-True', 'TotalFouls0.8-True']",['WINorLOSS-True'],0.9418238993710691,1.215461924188339
8,"['Opp.FreeThrows0.8-True', 'TotalFouls0.8-True']",['WINorLOSS-True'],0.9374045801526718,1.2097586135754075
9,"['Opp.FieldGoals.0.8-True', 'TotalFouls0.8-True']",['WINorLOSS-True'],0.9374021909233177,1.2097555301780654
10,"['Opp.FieldGoalsAttempted0.8-True', 'Opp.FieldGoals0.8-True', 'TotalFouls0.8-True']",['WINorLOSS-True'],0.928115015974441,1.1977700543994474
11,"['Opp.3PointShotsAttempted0.8-True', 'Opp.FieldGoalsAttempted0.8-True', 'TotalFouls0.8-True']",['WINorLOSS-True'],0.9261006289308176,1.195170406255312
12,"['Opp.3PointShots0.8-True', 'TotalFouls0.8-True']",['WINorLOSS-True'],0.9172821270310192,1.1837897720467883
13,"['FieldGoals0.8-True', 'Opp.FieldGoalsAttempted0.8-True', 'TotalFouls0.8-True']",['WINorLOSS-True'],0.9171974522292994,1.1836804957824065
14,"['Opp.3PointShotsAttempted0.8-True', 'TotalFouls0.8-True']",['WINorLOSS-True'],0.9155937052932762,1.181610795344701
15,"['Turnovers0.8-True', 'TotalFouls0.8-True']",['WINorLOSS-True'],0.9138461538461539,1.1793555093555093
16,"['Opp.FieldGoalsAttempted0.8-True', 'Opp.FieldGoals0.8-True']",['WINorLOSS-True'],0.9124423963133641,1.177543903350355
17,"['Opp.FreeThrowsAttempted0.8-True', 'TotalFouls0.8-True']",['WINorLOSS-True'],0.9092240117130309,1.1733904475485737
18,"['Opp.Turnovers0.6-False', 'Opp.FieldGoalsAttempted0.8-True', 'TotalFouls0.8-True']",['WINorLOSS-True'],0.9088145896656535,1.172862071798242
19,"['Opp.FieldGoalsAttempted0.8-True', 'TotalFouls0.8-True', 'OffRebounds0.6-False']",['WINorLOSS-True'],0.9075500770416024,1.1712301669928786
20,"['Opp.TotalRebounds0.8-True', 'Opp.FieldGoalsAttempted0.8-True', 'TotalFouls0.8-True']",['WINorLOSS-True'],0.9056316590563167,1.1687543708091654
21,"['Opp.FieldGoals0.8-True', 'TotalFouls0.8-True']",['WINorLOSS-True'],0.9050279329608939,1.16797523780764
22,"['TotalRebounds0.6-False', 'Opp.FieldGoalsAttempted0.8-True', 'TotalFouls0.8-True']",['WINorLOSS-True'],0.9031770045385779,1.1655865396410023
23,"['Opp.OffRebounds0.8-True', 'TotalFouls0.8-True']",['WINorLOSS-True'],0.9027181688125894,1.1649943935351659
24,"['Opp.FieldGoalsAttempted0.8-True', 'TotalFouls0.8-True']",['WINorLOSS-True'],0.9017857142857143,1.1637910231660231
25,"['Opp.Steals0.6-False', 'Opp.FieldGoalsAttempted0.8-True', 'TotalFouls0.8-True']",['WINorLOSS-True'],0.9007633587786259,1.1624716319372808
26,"['Blocks0.6-False', 'Opp.FieldGoalsAttempted0.8-True', 'TotalFouls0.8-True']",['WINorLOSS-True'],0.9002890173410405,1.1618594750820184
27,"['TotalRebounds0.8-True', 'TotalFouls0.8-True']",['WINorLOSS-True'],0.8992805755395684,1.160558040054443
28,"['Assists0.6-False', 'Opp.FieldGoalsAttempted0.8-True', 'TotalFouls0.8-True']",['WINorLOSS-True'],0.8989113530326593,1.1600815434407967
29,"['FieldGoals0.8-True', 'TotalFouls0.8-True']",['WINorLOSS-True'],0.8988603988603987,1.1600157850157848
30,"['TotalRebounds0.6-False', 'TotalFouls0.8-True', 'OffRebounds0.6-False']",['WINorLOSS-True'],0.8985959438377534,1.1596744950879114
31,"['Opp.FreeThrows0.8-True', 'Opp.3PointShots.0.8-True', 'Opp.FieldGoalsAttempted0.8-True']",['WINorLOSS-True'],0.8984615384615384,1.1595010395010394
32,"['Opp.Blocks0.6-False', 'Opp.FieldGoalsAttempted0.8-True', 'TotalFouls0.8-True']",['WINorLOSS-True'],0.8979591836734694,1.1588527302813016
33,"['Opp.TotalFouls0.6-False', 'Opp.FieldGoalsAttempted0.8-True', 'TotalFouls0.8-True']",['WINorLOSS-True'],0.8979289940828403,1.1588137693906926
34,"['Opp.3PointShots.0.6-False', 'Opp.FieldGoalsAttempted0.8-True', 'TotalFouls0.8-True']",['WINorLOSS-True'],0.8978658536585366,1.1587322841133816
35,"['TotalRebounds0.6-False', 'TotalFouls0.8-True']",['WINorLOSS-True'],0.8971830985915493,1.1578511610201752
36,"['Opp.Assists0.8-True', 'TotalFouls0.8-True']",['WINorLOSS-True'],0.8970588235294118,1.1576907790143085
37,"['Turnovers0.6-False', 'Opp.FieldGoalsAttempted0.8-True', 'TotalFouls0.8-True']",['WINorLOSS-True'],0.8966049382716049,1.157105021688355
38,"['X3PointShots0.8-True', 'TotalFouls0.8-True']",['WINorLOSS-True'],0.8961424332344212,1.1565081401876651
39,"['X3PointShots0.6-False', 'Opp.FieldGoalsAttempted0.8-True', 'TotalFouls0.8-True']",['WINorLOSS-True'],0.8953662182361735,1.1555064032642508
40,"['OpponentPoints0.8-True', 'TotalFouls0.8-True']",['WINorLOSS-True'],0.8947368421052632,1.1546941678520626
41,"['FreeThrows0.8-True', 'TotalFouls0.8-True']",['WINorLOSS-True'],0.8941877794336811,1.1539855802150885
42,"['FieldGoals.0.8-True', 'TotalFouls0.8-True']",['WINorLOSS-True'],0.8938714499252617,1.1535773441603039
43,"['X3PointShots.0.6-False', 'TotalFouls0.8-True']",['WINorLOSS-True'],0.8936170212765957,1.1532489936745254
44,"['Opp.TotalRebounds0.6-False', 'Opp.FieldGoalsAttempted0.8-True', 'TotalFouls0.8-True']",['WINorLOSS-True'],0.8935185185185184,1.1531218718718717
45,"['FieldGoals0.6-False', 'Opp.FieldGoalsAttempted0.8-True', 'TotalFouls0.8-True']",['WINorLOSS-True'],0.892638036809816,1.1519855745315868
46,"['Opp.OffRebounds0.6-False', 'Opp.FieldGoalsAttempted0.8-True', 'TotalFouls0.8-True']",['WINorLOSS-True'],0.8924889543446244,1.1517931775663732
47,"['Opp.Turnovers0.6-False', 'TotalFouls0.8-True', 'Steals0.6-False']",['WINorLOSS-True'],0.89247311827957,1.151772740482418
48,"['Blocks0.8-True', 'TotalFouls0.8-True']",['WINorLOSS-True'],0.8921417565485361,1.151345104734935
49,"['Opp.FieldGoals.0.8-True', 'Opp.FieldGoalsAttempted0.8-True']",['WINorLOSS-True'],0.8920539730134933,1.1512318165241704
50,"['Opp.Turnovers0.6-False', 'TotalFouls0.8-True']",['WINorLOSS-True'],0.8917456021650879,1.1508338514427823
51,"['Opp.FreeThrows.0.8-True', 'TotalFouls0.8-True']",['WINorLOSS-True'],0.891238670694864,1.1501796358291825
52,"['TotalFouls0.8-True', 'OffRebounds0.6-False']",['WINorLOSS-True'],0.891184573002755,1.1501098205643663
53,"['Opp.3PointShots.0.8-True', 'Opp.FieldGoalsAttempted0.8-True']",['WINorLOSS-True'],0.8905325443786981,1.149268351191428
54,"['Opp.Turnovers0.6-False', 'Opp.Blocks0.6-False', 'TotalFouls0.8-True']",['WINorLOSS-True'],0.890432098765432,1.1491387220553884
55,"['Opp.TotalRebounds0.8-True', 'TotalFouls0.8-True']",['WINorLOSS-True'],0.8904109589041096,1.1491114402073306
56,"['TotalFouls0.8-True', 'Steals0.6-False']",['WINorLOSS-True'],0.8887303851640513,1.1469425916644176
57,"['X3PointShots0.6-False', 'X3PointShots.0.6-False', 'TotalFouls0.8-True']",['WINorLOSS-True'],0.8880368098159508,1.1460475045597742
58,"['FieldGoalsAttempted0.8-True', 'TotalFouls0.8-True']",['WINorLOSS-True'],0.8872832369942196,1.1450749882830806
59,"['TotalFouls0.6-False', 'Opp.FieldGoalsAttempted0.8-True', 'TotalFouls0.8-True']",['WINorLOSS-True'],0.8865671641791046,1.1441508672851959
60,"['Blocks0.6-False', 'TotalFouls0.8-True']",['WINorLOSS-True'],0.886092715231788,1.143538571684267
61,"['FreeThrows.0.6-False', 'TotalFouls0.8-True']",['WINorLOSS-True'],0.886039886039886,1.1434703934703934
62,"['Opp.3PointShots0.8-True', 'Opp.FieldGoalsAttempted0.8-True']",['WINorLOSS-True'],0.886002886002886,1.1434226434226433
63,"['Opp.Turnovers0.6-False', 'Opp.TotalFouls0.6-False', 'TotalFouls0.8-True']",['WINorLOSS-True'],0.8856259659969087,1.142936212874389
64,['TotalFouls0.8-True'],['WINorLOSS-True'],0.8855835240274599,1.1428814397921947
65,"['Opp.3PointShotsAttempted0.6-False', 'Opp.FieldGoalsAttempted0.8-True', 'TotalFouls0.8-True']",['WINorLOSS-True'],0.8849028400597907,1.1420029895366217
66,"['Opp.FreeThrowsAttempted0.6-False', 'Opp.FieldGoalsAttempted0.8-True', 'TotalFouls0.8-True']",['WINorLOSS-True'],0.8849028400597907,1.1420029895366217
67,"['Opp.3PointShots0.6-False', 'Opp.FieldGoalsAttempted0.8-True', 'TotalFouls0.8-True']",['WINorLOSS-True'],0.8847305389221557,1.1417806279333225
68,"['Opp.FieldGoalsAttempted0.6-False', 'Opp.FieldGoalsAttempted0.8-True', 'TotalFouls0.8-True']",['WINorLOSS-True'],0.8839694656488549,1.140798432019806
69,"['X3PointShotsAttempted0.8-True', 'TotalFouls0.8-True']",['WINorLOSS-True'],0.8838896952104499,1.1406954850351076
70,"['X3PointShots.0.8-True', 'TotalFouls0.8-True']",['WINorLOSS-True'],0.8828571428571427,1.1393629343629341
71,"['Opp.Blocks0.6-False', 'TotalFouls0.8-True']",['WINorLOSS-True'],0.8824306472919419,1.1388125245456817
72,"['FreeThrows0.6-False', 'TotalFouls0.8-True']",['WINorLOSS-True'],0.8817663817663817,1.1379552629552627
73,"['Assists0.6-False', 'TotalFouls0.8-True']",['WINorLOSS-True'],0.8815426997245179,1.1376665922120468
74,"['Opp.Steals0.6-False', 'TotalFouls0.8-True']",['WINorLOSS-True'],0.8812154696132597,1.1372442884873823
75,"['Opp.FreeThrows.0.6-False', 'TotalFouls0.8-True']",['WINorLOSS-True'],0.8808510638297873,1.1367740080506037
76,"['Opp.FreeThrows0.8-True', 'Opp.FieldGoalsAttempted0.8-True']",['WINorLOSS-True'],0.8807854137447404,1.1366892839543608
77,"['Blocks0.6-False', 'Opp.Blocks0.6-False', 'TotalFouls0.8-True']",['WINorLOSS-True'],0.8806646525679758,1.1365334367600228
78,"['Opp.TotalFouls0.6-False', 'FreeThrowsAttempted0.6-False', 'TotalFouls0.8-True']",['WINorLOSS-True'],0.880184331797235,1.135913563332918
79,['Opp.FieldGoals.0.2-True'],['WINorLOSS-True'],0.8800599700149925,1.1357530694112403
80,"['Opp.FieldGoals.0.2-True', 'Opp.FieldGoalsAttempted0.8-True']",['WINorLOSS-True'],0.8800599700149925,1.1357530694112403
81,"['Opp.TotalFouls0.6-False', 'TotalFouls0.8-True']",['WINorLOSS-True'],0.8799472295514512,1.1356075732724809
82,"['Opp.3PointShots.0.6-False', 'TotalFouls0.8-True']",['WINorLOSS-True'],0.8798920377867746,1.1355363460626617
83,"['Opp.TotalFouls0.6-False', 'Blocks0.6-False', 'TotalFouls0.8-True']",['WINorLOSS-True'],0.8797564687975646,1.135361388786046
84,"['Turnovers0.6-False', 'Opp.Steals0.6-False', 'TotalFouls0.8-True']",['WINorLOSS-True'],0.8795180722891567,1.1350537284272224
85,"['X3PointShots0.6-False', 'TotalFouls0.8-True']",['WINorLOSS-True'],0.8790322580645161,1.1344267654751525
86,"['FreeThrowsAttempted0.8-True', 'TotalFouls0.8-True']",['WINorLOSS-True'],0.8787878787878789,1.1341113841113841
87,"['FieldGoals.0.6-False', 'TotalFouls0.8-True']",['WINorLOSS-True'],0.8783216783216783,1.1335097335097335
88,"['Turnovers0.6-False', 'TotalFouls0.8-True']",['WINorLOSS-True'],0.8783216783216783,1.1335097335097335
89,"['Opp.TotalRebounds0.6-False', 'TotalFouls0.8-True']",['WINorLOSS-True'],0.878048780487805,1.1331575477916942
90,"['FreeThrowsAttempted0.6-False', 'TotalFouls0.8-True']",['WINorLOSS-True'],0.8776978417266188,1.1327046470931363
91,"['Opp.OffRebounds0.6-False', 'TotalFouls0.8-True']",['WINorLOSS-True'],0.8773841961852861,1.1322998748066866
92,"['Opp.FieldGoalsAttempted0.6-False', 'TotalFouls0.8-True']",['WINorLOSS-True'],0.8771929824561404,1.1320531057373162
93,"['FieldGoalsAttempted0.6-False', 'TotalFouls0.8-True']",['WINorLOSS-True'],0.876944837340877,1.1317328644061317
94,"['Opp.TotalFouls0.6-False', 'Opp.Blocks0.6-False', 'TotalFouls0.8-True']",['WINorLOSS-True'],0.8767123287671234,1.1314328026656795
95,"['TotalFouls0.8-True', 'X3PointShotsAttempted0.6-False']",['WINorLOSS-True'],0.8748241912798876,1.1289960846922873
96,"['FieldGoals0.6-False', 'TotalFouls0.8-True']",['WINorLOSS-True'],0.8741450068399452,1.1281195696380373
97,"['Turnovers0.8-True', 'Opp.FieldGoalsAttempted0.8-True']",['WINorLOSS-True'],0.8737446197991393,1.1276028539299703
98,"['X3PointShots0.6-False', 'TotalFouls0.8-True', 'X3PointShotsAttempted0.6-False']",['WINorLOSS-True'],0.8733031674208144,1.1270331417390238
99,"['FieldGoals0.8-True', 'Opp.FieldGoalsAttempted0.8-True']",['WINorLOSS-True'],0.8725490196078431,1.1260598834128246
100,"['Opp.3PointShotsAttempted0.6-False', 'TotalFouls0.8-True']",['WINorLOSS-True'],0.8719346049046321,1.1252669563296265
101,"['Opp.OffRebounds0.8-True', 'Opp.FieldGoalsAttempted0.8-True']",['WINorLOSS-True'],0.8705547652916074,1.1234862173695743
102,"['Opp.3PointShotsAttempted0.8-True', 'Opp.FieldGoalsAttempted0.8-True']",['WINorLOSS-True'],0.8697986577181208,1.1225104298929802
103,"['Opp.Turnovers0.6-False', 'Opp.FieldGoalsAttempted0.8-True', 'Steals0.6-False']",['WINorLOSS-True'],0.8697604790419162,1.122461158763554
104,"['OpponentPoints0.8-True', 'Opp.FieldGoalsAttempted0.8-True']",['WINorLOSS-True'],0.8689248895434462,1.1213827966405285
105,"['TotalFouls0.6-False', 'TotalFouls0.8-True']",['WINorLOSS-True'],0.8688741721854304,1.1213173438339
106,"['TotalRebounds0.8-True', 'Opp.FieldGoalsAttempted0.8-True']",['WINorLOSS-True'],0.8687150837988827,1.121112033821531
107,['Opp.FreeThrowsAttempted0.2-True'],['WINorLOSS-True'],0.8683812405446293,1.120681195567731
108,"['Opp.FreeThrowsAttempted0.2-True', 'Opp.FreeThrows0.8-True']",['WINorLOSS-True'],0.8683812405446293,1.120681195567731
109,"['Opp.Assists0.6-False', 'TotalFouls0.8-True']",['WINorLOSS-True'],0.8680057388809181,1.1201965954476714
110,"['Turnovers0.8-True', 'Opp.FreeThrows0.8-True', 'Opp.3PointShots.0.8-True']",['WINorLOSS-True'],0.8676258992805755,1.1197063970445265
111,"['Opp.FreeThrowsAttempted0.6-False', 'TotalFouls0.8-True']",['WINorLOSS-True'],0.8675496688741721,1.1196080186146409
112,"['Opp.3PointShots0.6-False', 'TotalFouls0.8-True']",['WINorLOSS-True'],0.8671140939597315,1.1190458915291128
113,"['Opp.FreeThrowsAttempted0.8-True', 'Opp.FieldGoalsAttempted0.8-True']",['WINorLOSS-True'],0.8647140864714087,1.1159485845678314
114,"['Opp.Turnovers0.6-False', 'Blocks0.6-False', 'Opp.FieldGoalsAttempted0.8-True']",['WINorLOSS-True'],0.8641791044776119,1.1152581686163774
115,"['Opp.3PointShotsAttempted0.6-False', 'Opp.3PointShots0.6-False', 'TotalFouls0.8-True']",['WINorLOSS-True'],0.8640350877192983,1.1150723091512564
116,"['Opp.Turnovers0.6-False', 'Opp.FieldGoalsAttempted0.8-True']",['WINorLOSS-True'],0.8635761589403973,1.114480042956864
117,"['Opp.FreeThrows0.6-False', 'TotalFouls0.8-True']",['WINorLOSS-True'],0.863574351978172,1.114477710998857
118,"['FieldGoals.0.8-True', 'Opp.FieldGoalsAttempted0.8-True']",['WINorLOSS-True'],0.8631732168850073,1.1139600298988945
119,"['Opp.Turnovers0.6-False', 'Opp.Blocks0.6-False', 'Opp.FieldGoalsAttempted0.8-True']",['WINorLOSS-True'],0.8631578947368421,1.1139402560455192
120,"['Opp.FieldGoalsAttempted0.8-True', 'Steals0.6-False']",['WINorLOSS-True'],0.8626907073509016,1.1133373317839337
121,"['Opp.TotalRebounds0.8-True', 'Opp.FreeThrows0.8-True']",['WINorLOSS-True'],0.8592814371257486,1.108937530344716
122,"['X3PointShots0.8-True', 'Opp.FieldGoalsAttempted0.8-True']",['WINorLOSS-True'],0.8592162554426704,1.108853410740203
123,"['Opp.3PointShots.0.8-True', 'Opp.3PointShotsAttempted0.8-True']",['WINorLOSS-True'],0.8586309523809524,1.1080980534105533
124,"['Opp.TotalRebounds0.8-True', 'Opp.FieldGoalsAttempted0.8-True']",['WINorLOSS-True'],0.8582995951417004,1.107670423459897
125,"['Opp.FreeThrowsAttempted0.6-False', 'Opp.FreeThrows0.6-False', 'TotalFouls0.8-True']",['WINorLOSS-True'],0.8577524893314367,1.1069643612317865
126,"['Turnovers0.8-True', 'Opp.3PointShots.0.8-True']",['WINorLOSS-True'],0.8573426573426572,1.1064354564354562
127,"['Opp.FreeThrowsAttempted0.6-False', 'TotalFouls0.6-False', 'TotalFouls0.8-True']",['WINorLOSS-True'],0.8571428571428572,1.1061776061776063
128,"['Opp.Assists0.8-True', 'Opp.FieldGoalsAttempted0.8-True']",['WINorLOSS-True'],0.8569384835479257,1.105913853767931
129,"['X3PointShots.0.6-False', 'Opp.FieldGoalsAttempted0.8-True']",['WINorLOSS-True'],0.8563611491108071,1.1051687802713794
130,"['Opp.3PointShots0.8-True', 'Opp.FreeThrows0.8-True']",['WINorLOSS-True'],0.8560830860534123,1.1048099286229847
131,"['Opp.FieldGoalsAttempted0.8-True', 'OffRebounds0.6-False']",['WINorLOSS-True'],0.855807743658211,1.1044545880994479
132,['Opp.FieldGoalsAttempted0.2-True'],['WINorLOSS-True'],0.8554396423248882,1.1039795384057678
133,"['Opp.FieldGoalsAttempted0.2-True', 'Opp.FieldGoals0.8-True']",['WINorLOSS-True'],0.8554396423248882,1.1039795384057678
134,"['FreeThrows0.8-True', 'Opp.FieldGoalsAttempted0.8-True']",['WINorLOSS-True'],0.8547008547008547,1.1030261030261028
135,"['FieldGoals0.8-True', 'Opp.FreeThrows0.8-True']",['WINorLOSS-True'],0.8530259365994236,1.100864553314121
136,"['TotalRebounds0.6-False', 'Opp.FieldGoalsAttempted0.8-True', 'OffRebounds0.6-False']",['WINorLOSS-True'],0.8529839883551673,1.1008104174043036
137,"['Opp.FreeThrowsAttempted0.8-True', 'Opp.FreeThrows0.8-True', 'Opp.3PointShots.0.8-True']",['WINorLOSS-True'],0.8528974739970281,1.1006987671177861
138,"['Opp.Turnovers0.6-False', 'Opp.FreeThrows0.8-True', 'Opp.3PointShots.0.8-True']",['WINorLOSS-True'],0.8526785714285715,1.1004162644787645
139,"['Opp.FreeThrows0.8-True', 'Opp.Blocks0.6-False', 'Opp.3PointShots.0.8-True']",['WINorLOSS-True'],0.8522895125553913,1.0999141682302684
140,"['Opp.FreeThrowsAttempted0.8-True', 'Opp.FreeThrows0.8-True']",['WINorLOSS-True'],0.851528384279476,1.098931901333648
141,"['X3PointShots0.6-False', 'X3PointShots.0.6-False', 'Opp.FieldGoalsAttempted0.8-True']",['WINorLOSS-True'],0.8512518409425626,1.098575010946145
142,"['FieldGoalsAttempted0.8-True', 'Opp.FieldGoalsAttempted0.8-True']",['WINorLOSS-True'],0.8512396694214877,1.0985593031047576
143,"['Opp.Turnovers0.6-False', 'Opp.3PointShots.0.8-True']",['WINorLOSS-True'],0.8512160228898428,1.0985287862970268
144,"['X3PointShotsAttempted0.8-True', 'Opp.FieldGoalsAttempted0.8-True']",['WINorLOSS-True'],0.8506224066390041,1.0977627004597958
145,"['Opp.FreeThrowsAttempted0.8-True', 'Opp.FieldGoals0.8-True']",['WINorLOSS-True'],0.8501483679525221,1.0971509343171062
146,"['Opp.FreeThrows0.8-True', 'Opp.3PointShots.0.8-True']",['WINorLOSS-True'],0.849936948297604,1.0968780886813674
147,"['TotalRebounds0.6-False', 'Opp.3PointShots.0.8-True']",['WINorLOSS-True'],0.8471615720524017,1.0932963531216806
148,"['Opp.FreeThrows0.8-True', 'Blocks0.6-False', 'Opp.3PointShots.0.8-True']",['WINorLOSS-True'],0.846820809248555,1.092856584908608
149,"['TotalRebounds0.6-False', 'Opp.FieldGoalsAttempted0.8-True']",['WINorLOSS-True'],0.8467532467532467,1.0927693927693927
150,"['Opp.FreeThrows0.8-True', 'Opp.3PointShotsAttempted0.8-True']",['WINorLOSS-True'],0.8465909090909091,1.0925598894348894
151,['Opp.FieldGoalsAttempted0.8-True'],['WINorLOSS-True'],0.8463227222832054,1.0922137834871095
152,"['Blocks0.6-False', 'Opp.FieldGoalsAttempted0.8-True']",['WINorLOSS-True'],0.8461538461538461,1.091995841995842
153,"['FreeThrows.0.6-False', 'Opp.FieldGoalsAttempted0.8-True']",['WINorLOSS-True'],0.846153846153846,1.0919958419958418
154,"['Turnovers0.8-True', 'Opp.FreeThrows0.8-True']",['WINorLOSS-True'],0.845949535192563,1.0917321704174292
155,"['Opp.OffRebounds0.8-True', 'Opp.FreeThrows0.8-True']",['WINorLOSS-True'],0.8450502152080345,1.0905715615184768
156,"['X3PointShots.0.8-True', 'Opp.FieldGoalsAttempted0.8-True']",['WINorLOSS-True'],0.8449931412894375,1.09049790531272
157,"['Blocks0.6-False', 'TotalRebounds0.6-False', 'Opp.FieldGoalsAttempted0.8-True']",['WINorLOSS-True'],0.844574780058651,1.0899579931837997
158,"['Opp.Blocks0.6-False', 'Opp.FieldGoalsAttempted0.8-True']",['WINorLOSS-True'],0.8445006321112516,1.0898623022516827
159,"['FieldGoals0.8-True', 'Opp.FieldGoals0.8-True']",['WINorLOSS-True'],0.8443804034582133,1.0897071423008022
160,"['Opp.Blocks0.6-False', 'Opp.3PointShots.0.8-True']",['WINorLOSS-True'],0.843661971830986,1.0887799771602589
161,"['Opp.TotalFouls0.6-False', 'Opp.FieldGoalsAttempted0.8-True']",['WINorLOSS-True'],0.8435897435897435,1.0886867636867634
162,"['Blocks0.6-False', 'Opp.Blocks0.6-False', 'Opp.FieldGoalsAttempted0.8-True']",['WINorLOSS-True'],0.8433048433048432,1.088319088319088
163,"['Opp.FreeThrows0.8-True', 'X3PointShots0.6-False', 'Opp.3PointShots.0.8-True']",['WINorLOSS-True'],0.8430232558139535,1.0879556882463859
164,"['Opp.TotalFouls0.6-False', 'Opp.FreeThrows0.8-True', 'Opp.3PointShots.0.8-True']",['WINorLOSS-True'],0.8425655976676385,1.0873650618548578
165,"['Opp.TotalFouls0.6-False', 'Blocks0.6-False', 'Opp.FieldGoalsAttempted0.8-True']",['WINorLOSS-True'],0.842485549132948,1.0872617559756288
166,"['Opp.FreeThrowsAttempted0.8-True', 'Opp.3PointShots.0.8-True']",['WINorLOSS-True'],0.8422535211267607,1.0869623144271032
167,"['Opp.FreeThrows.0.6-False', 'Opp.FieldGoalsAttempted0.8-True']",['WINorLOSS-True'],0.8417462482946794,1.0863076582721876
168,"['Blocks0.6-False', 'Opp.Steals0.6-False', 'Opp.FieldGoalsAttempted0.8-True']",['WINorLOSS-True'],0.8411078717201166,1.0854838074225828
169,['Opp.3PointShots.0.8-True'],['WINorLOSS-True'],0.8409638554216867,1.0852979485509606
170,"['Opp.3PointShots.0.8-True', 'OffRebounds0.6-False']",['WINorLOSS-True'],0.8407460545193688,1.0850168676567529
171,"['Opp.3PointShots0.8-True', 'Opp.FieldGoals.0.8-True', 'Opp.3PointShotsAttempted0.8-True']",['WINorLOSS-True'],0.8402877697841727,1.0844254326268716
172,"['Opp.FreeThrows0.8-True', 'Steals0.6-False']",['WINorLOSS-True'],0.8399433427762041,1.0839809356098309
173,"['Turnovers0.6-False', 'Opp.Steals0.6-False', 'Opp.FieldGoalsAttempted0.8-True']",['WINorLOSS-True'],0.8398876404494383,1.0839090494989372
174,"['FreeThrows0.6-False', 'Opp.FieldGoalsAttempted0.8-True']",['WINorLOSS-True'],0.8396739130434783,1.0836332256169212
175,"['Opp.TotalRebounds0.8-True', 'Opp.FieldGoals0.8-True']",['WINorLOSS-True'],0.8395415472779371,1.0834624022303105
176,"['Opp.Turnovers0.6-False', 'Opp.FreeThrows0.8-True']",['WINorLOSS-True'],0.8392857142857143,1.0831322393822393
177,"['Turnovers0.6-False', 'Opp.FieldGoalsAttempted0.8-True']",['WINorLOSS-True'],0.8390052356020943,1.0827702702702702
178,"['Opp.Steals0.6-False', 'Opp.FieldGoalsAttempted0.8-True']",['WINorLOSS-True'],0.8385012919896642,1.0821199106082828
179,"['X3PointShots0.6-False', 'Opp.FieldGoalsAttempted0.8-True']",['WINorLOSS-True'],0.8380102040816326,1.0814861417539987
180,"['Turnovers0.8-True', 'Opp.3PointShotsAttempted0.8-True']",['WINorLOSS-True'],0.8379562043795621,1.0814164529492996
181,"['FreeThrowsAttempted0.6-False', 'Opp.FieldGoalsAttempted0.8-True']",['WINorLOSS-True'],0.8379120879120879,1.0813595188595189
182,"['TotalRebounds0.6-False', 'Opp.FreeThrows0.8-True']",['WINorLOSS-True'],0.8375350140056022,1.080872889696419
183,"['Opp.OffRebounds0.6-False', 'Blocks0.6-False', 'Opp.FieldGoalsAttempted0.8-True']",['WINorLOSS-True'],0.8373071528751753,1.0805788256699898
184,"['FreeThrows.0.6-False', 'Opp.FreeThrows0.8-True']",['WINorLOSS-True'],0.8371757925072046,1.0804092997897032
185,"['Blocks0.6-False', 'X3PointShots0.6-False', 'Opp.FieldGoalsAttempted0.8-True']",['WINorLOSS-True'],0.8371757925072046,1.0804092997897032
186,"['Opp.3PointShots0.8-True', 'Opp.3PointShotsAttempted0.8-True']",['WINorLOSS-True'],0.8370786516853934,1.0802839356210143
187,"['Opp.3PointShots.0.6-False', 'Opp.FieldGoalsAttempted0.8-True']",['WINorLOSS-True'],0.8370565045992117,1.080255353908442
188,"['Assists0.6-False', 'Opp.FieldGoalsAttempted0.8-True']",['WINorLOSS-True'],0.8366271409749672,1.079701242744721
189,"['Opp.OffRebounds0.6-False', 'Opp.Blocks0.6-False', 'Opp.FieldGoalsAttempted0.8-True']",['WINorLOSS-True'],0.8364418938307031,1.079462173795029
190,"['Blocks0.6-False', 'Opp.3PointShots.0.8-True']",['WINorLOSS-True'],0.8360881542699726,1.0790056585511132
191,"['Opp.OffRebounds0.6-False', 'Opp.FieldGoalsAttempted0.8-True']",['WINorLOSS-True'],0.8360450563204005,1.0789500388999762
192,"['FreeThrowsAttempted0.8-True', 'Opp.FieldGoalsAttempted0.8-True']",['WINorLOSS-True'],0.8358413132694938,1.078687100232928
193,"['Opp.TotalRebounds0.8-True', 'Opp.3PointShotsAttempted0.8-True']",['WINorLOSS-True'],0.8356545961002785,1.0784461341564404
194,"['X3PointShots0.6-False', 'Opp.3PointShots.0.8-True']",['WINorLOSS-True'],0.8354253835425384,1.0781503260582759
195,"['TotalRebounds0.8-True', 'Opp.FreeThrows0.8-True']",['WINorLOSS-True'],0.8352435530085961,1.0779156663827152
196,"['Assists0.6-False', 'Opp.3PointShots.0.8-True']",['WINorLOSS-True'],0.8352435530085961,1.0779156663827152
197,"['Opp.3PointShots0.8-True', 'Opp.FieldGoals0.8-True']",['WINorLOSS-True'],0.8342857142857143,1.0766795366795365
198,"['FieldGoals.0.6-False', 'Opp.FieldGoalsAttempted0.8-True']",['WINorLOSS-True'],0.8340026773761714,1.0763142660733023
199,"['Opp.Turnovers0.6-False', 'Turnovers0.8-True']",['WINorLOSS-True'],0.8338068181818181,1.0760615018427517
200,"['FieldGoals0.8-True', 'Opp.3PointShotsAttempted0.8-True']",['WINorLOSS-True'],0.8335684062059238,1.0757538215225098
201,"['X3PointShots.0.6-False', 'Opp.FreeThrows0.8-True']",['WINorLOSS-True'],0.8333333333333333,1.0754504504504503
202,"['FieldGoalsAttempted0.6-False', 'Opp.FieldGoalsAttempted0.8-True']",['WINorLOSS-True'],0.8328912466843501,1.0748799197075058
203,"['Opp.OffRebounds0.8-True', 'Opp.FieldGoals0.8-True']",['WINorLOSS-True'],0.8328767123287671,1.0748611625323954
204,"['Opp.3PointShots.0.8-True', 'X3PointShotsAttempted0.6-False']",['WINorLOSS-True'],0.8328488372093023,1.0748251885606535
205,"['Turnovers0.6-False', 'Opp.3PointShots.0.8-True']",['WINorLOSS-True'],0.8326180257510731,1.0745273170165877
206,"['Opp.TotalRebounds0.6-False', 'Opp.FieldGoalsAttempted0.8-True']",['WINorLOSS-True'],0.8322411533420708,1.0740409478941588
207,"['Opp.TotalFouls0.6-False', 'Opp.3PointShots.0.8-True']",['WINorLOSS-True'],0.8321775312066574,1.073958840949132
208,"['FieldGoals0.8-True', 'Opp.FieldGoals.0.8-True']",['WINorLOSS-True'],0.8318840579710144,1.0735801018409712
209,"['Opp.Blocks0.6-False', 'Opp.FreeThrows0.8-True']",['WINorLOSS-True'],0.8317757009345795,1.0734402626925992
210,"['FieldGoals.0.6-False', 'Opp.3PointShots.0.8-True']",['WINorLOSS-True'],0.8316400580551524,1.0732652100576627
211,"['Opp.FreeThrows0.8-True', 'OffRebounds0.6-False']",['WINorLOSS-True'],0.8315068493150686,1.0730932987782302
212,"['Opp.3PointShots0.8-True', 'Opp.TotalRebounds0.8-True']",['WINorLOSS-True'],0.8312056737588652,1.07270461951313
213,"['Opp.3PointShots.0.6-False', 'Opp.3PointShots.0.8-True']",['WINorLOSS-True'],0.8312056737588652,1.07270461951313
214,"['Opp.FreeThrowsAttempted0.8-True', 'Opp.TotalRebounds0.8-True']",['WINorLOSS-True'],0.8311688311688311,1.0726570726570726
215,['Opp.FreeThrows0.8-True'],['WINorLOSS-True'],0.8308400460299195,1.0722327621061798
216,"['Opp.OffRebounds0.8-True', 'Opp.3PointShotsAttempted0.8-True']",['WINorLOSS-True'],0.8305084745762712,1.0718048557031608
217,"['Opp.OffRebounds0.6-False', 'Opp.TotalRebounds0.6-False', 'Opp.FieldGoalsAttempted0.8-True']",['WINorLOSS-True'],0.8304843304843305,1.0717736967736966
218,"['Blocks0.6-False', 'Opp.FreeThrows0.8-True']",['WINorLOSS-True'],0.8302631578947368,1.0714882645803698
219,"['FieldGoalsAttempted0.8-True', 'Opp.FreeThrows0.8-True']",['WINorLOSS-True'],0.8292682926829268,1.0702043506921555
220,"['FieldGoals0.6-False', 'Opp.FieldGoalsAttempted0.8-True']",['WINorLOSS-True'],0.8292367399741267,1.070163630642285
221,"['Opp.FreeThrows.0.8-True', 'Opp.FieldGoals0.8-True']",['WINorLOSS-True'],0.8286118980169972,1.0693572467651788
222,"['Opp.Steals0.6-False', 'Opp.3PointShots.0.8-True']",['WINorLOSS-True'],0.827683615819209,1.068159260955871
223,"['Opp.FieldGoalsAttempted0.8-True', 'X3PointShotsAttempted0.6-False']",['WINorLOSS-True'],0.8276315789473684,1.0680921052631578
224,"['FieldGoals0.6-False', 'Opp.3PointShots.0.8-True']",['WINorLOSS-True'],0.827247191011236,1.0675960370482842
225,"['TotalFouls0.6-False', 'Opp.FieldGoalsAttempted0.8-True']",['WINorLOSS-True'],0.8272251308900523,1.0675675675675675
226,"['Opp.TotalFouls0.6-False', 'Opp.FreeThrows0.8-True']",['WINorLOSS-True'],0.8270777479892761,1.0673773639591333
227,"['X3PointShots0.6-False', 'Opp.FieldGoalsAttempted0.8-True', 'X3PointShotsAttempted0.6-False']",['WINorLOSS-True'],0.8267605633802817,1.0669680243623905
228,"['Opp.FreeThrowsAttempted0.8-True', 'Opp.OffRebounds0.8-True']",['WINorLOSS-True'],0.826025459688826,1.066019343247066
229,"['X3PointShots.0.8-True', 'Opp.FreeThrows0.8-True']",['WINorLOSS-True'],0.8258992805755396,1.0658565039860004
230,"['Opp.FieldGoals.0.8-True', 'Opp.3PointShotsAttempted0.8-True']",['WINorLOSS-True'],0.8258064516129032,1.065736704446382
231,"['Opp.OffRebounds0.6-False', 'Opp.3PointShots.0.8-True']",['WINorLOSS-True'],0.8257142857142856,1.0656177606177604
232,"['Opp.FreeThrowsAttempted0.8-True', 'Opp.3PointShotsAttempted0.8-True']",['WINorLOSS-True'],0.8254847645429364,1.065321554241222
233,"['FieldGoals.0.6-False', 'Opp.FreeThrows0.8-True']",['WINorLOSS-True'],0.8245856353591161,1.0641611915783187
234,"['Opp.Turnovers0.6-False', 'Opp.FieldGoals0.8-True']",['WINorLOSS-True'],0.8244897959183672,1.0640375068946495
235,"['Opp.FreeThrowsAttempted0.8-True', 'FieldGoals0.8-True']",['WINorLOSS-True'],0.823943661971831,1.0633326988960792
236,"['Blocks0.6-False', 'Opp.FieldGoalsAttempted0.8-True', 'Opp.FieldGoalsAttempted0.6-False']",['WINorLOSS-True'],0.8238636363636365,1.0632294226044228
237,"['Opp.3PointShots0.8-True', 'FieldGoals0.8-True']",['WINorLOSS-True'],0.8238557558945909,1.063219252539641
238,"['Opp.FieldGoalsAttempted0.8-True', 'Opp.3PointShotsAttempted0.6-False']",['WINorLOSS-True'],0.8237547892720306,1.0630889510199855
239,"['Turnovers0.8-True', 'TotalRebounds0.6-False']",['WINorLOSS-True'],0.8233618233618233,1.0625818125818125
240,"['Opp.3PointShots0.8-True', 'Opp.FreeThrowsAttempted0.8-True']",['WINorLOSS-True'],0.8228571428571427,1.0619305019305016
241,"['FreeThrowsAttempted0.6-False', 'Opp.FreeThrows0.8-True']",['WINorLOSS-True'],0.822695035460993,1.061721295763849
242,"['Opp.3PointShots0.8-True', 'TotalRebounds0.6-False']",['WINorLOSS-True'],0.822695035460993,1.061721295763849
243,"['FreeThrows0.6-False', 'Opp.FreeThrows0.8-True']",['WINorLOSS-True'],0.8225352112676058,1.0615150361629235
244,"['Assists0.6-False', 'Opp.FreeThrows0.8-True']",['WINorLOSS-True'],0.8224043715846994,1.0613461822478214
245,"['Opp.FieldGoalsAttempted0.8-True', 'Opp.FieldGoalsAttempted0.6-False']",['WINorLOSS-True'],0.8222506393861891,1.0611477846132575
246,"['X3PointShots0.6-False', 'Opp.FreeThrows0.8-True']",['WINorLOSS-True'],0.8218085106382979,1.0605771995399653
247,"['Opp.FreeThrows.0.6-False', 'Opp.FreeThrows0.8-True']",['WINorLOSS-True'],0.8217821782178218,1.0605432164838107
248,"['Opp.FreeThrows0.8-True', 'X3PointShotsAttempted0.6-False']",['WINorLOSS-True'],0.8217270194986072,1.0604720319204997
249,"['TotalRebounds0.8-True', 'Opp.3PointShotsAttempted0.8-True']",['WINorLOSS-True'],0.821673525377229,1.0604029955881806
250,"['Opp.FieldGoals0.8-True', 'Steals0.6-False']",['WINorLOSS-True'],0.8216292134831461,1.0603458092924385
251,"['Opp.3PointShots.0.6-False', 'Opp.FreeThrows0.8-True']",['WINorLOSS-True'],0.8211382113821138,1.0597121511755658
252,"['Opp.3PointShots0.6-False', 'Opp.FieldGoalsAttempted0.8-True']",['WINorLOSS-True'],0.8209718670076726,1.0594974770166585
253,['Opp.FieldGoals0.8-True'],['WINorLOSS-True'],0.820721769499418,1.0591747160431677
254,"['Opp.3PointShots0.6-False', 'Opp.3PointShots.0.8-True']",['WINorLOSS-True'],0.819971870604782,1.0582069411183335
255,"['Opp.FieldGoalsAttempted0.8-True', 'Opp.FreeThrowsAttempted0.6-False']",['WINorLOSS-True'],0.8194993412384717,1.057597122814514
256,"['Opp.Assists0.6-False', 'Opp.FieldGoalsAttempted0.8-True']",['WINorLOSS-True'],0.8194070080862534,1.0574779631383406
257,"['Opp.Turnovers0.6-False', 'Opp.3PointShotsAttempted0.8-True']",['WINorLOSS-True'],0.8192612137203167,1.0572898095985168
258,"['Opp.Assists0.6-False', 'Opp.3PointShots.0.8-True']",['WINorLOSS-True'],0.8189533239038189,1.0568924653083067
259,"['Turnovers0.8-True', 'Blocks0.6-False']",['WINorLOSS-True'],0.8187830687830687,1.0566727441727441
260,"['Opp.FieldGoals0.8-True', 'OffRebounds0.6-False']",['WINorLOSS-True'],0.8186738836265223,1.0565318363017955
261,"['FieldGoals0.8-True', 'OpponentPoints0.8-True']",['WINorLOSS-True'],0.8184319119669876,1.0562195620655042
262,"['Opp.Turnovers0.6-False', 'Opp.FieldGoals.0.8-True']",['WINorLOSS-True'],0.8181818181818181,1.0558968058968057
263,"['Opp.Steals0.6-False', 'Opp.FreeThrows0.8-True']",['WINorLOSS-True'],0.8178137651821861,1.055421818579713
264,"['Opp.OffRebounds0.6-False', 'Opp.FreeThrows0.8-True']",['WINorLOSS-True'],0.817687074829932,1.0552583195440337
265,"['Turnovers0.6-False', 'Opp.FreeThrows0.8-True']",['WINorLOSS-True'],0.817687074829932,1.0552583195440337
266,['Turnovers0.8-True'],['WINorLOSS-True'],0.8175438596491228,1.0550734945471787
267,"['Opp.FreeThrowsAttempted0.8-True', 'TotalRebounds0.6-False']",['WINorLOSS-True'],0.8172043010752689,1.054635280441732
268,"['Blocks0.6-False', 'Opp.FieldGoals0.8-True']",['WINorLOSS-True'],0.8171896316507503,1.0546163489546845
269,"['TotalRebounds0.6-False', 'Opp.OffRebounds0.8-True']",['WINorLOSS-True'],0.817174515235457,1.054596840607921
270,"['X3PointShots.0.6-False', 'Opp.3PointShotsAttempted0.8-True']",['WINorLOSS-True'],0.817174515235457,1.054596840607921
271,"['Opp.FreeThrows0.8-True', 'Opp.3PointShotsAttempted0.6-False']",['WINorLOSS-True'],0.817174515235457,1.054596840607921
272,"['Opp.OffRebounds0.6-False', 'Opp.FieldGoalsAttempted0.8-True', 'Opp.FieldGoalsAttempted0.6-False']",['WINorLOSS-True'],0.8171589310829819,1.0545767286273617
273,"['Turnovers0.8-True', 'X3PointShots0.6-False']",['WINorLOSS-True'],0.8169398907103825,1.054294048146507
274,"['Opp.3PointShots0.8-True', 'Opp.FieldGoals.0.8-True']",['WINorLOSS-True'],0.816919191919192,1.0542673355173355
275,"['Opp.3PointShots.0.8-True', 'Opp.FieldGoalsAttempted0.6-False']",['WINorLOSS-True'],0.8166431593794076,1.0539111043342353
276,"['TotalRebounds0.8-True', 'FieldGoals0.8-True']",['WINorLOSS-True'],0.8160762942779292,1.0531795419397598
277,"['Opp.TotalRebounds0.8-True', 'TotalRebounds0.6-False']",['WINorLOSS-True'],0.8154929577464788,1.0524267224971449
278,"['Opp.TotalFouls0.6-False', 'Turnovers0.8-True']",['WINorLOSS-True'],0.8154681139755767,1.0523946606036159
279,"['Opp.TotalRebounds0.8-True', 'Opp.OffRebounds0.8-True']",['WINorLOSS-True'],0.8153846153846154,1.0522869022869021
280,"['Opp.Blocks0.6-False', 'Opp.FieldGoals0.8-True']",['WINorLOSS-True'],0.8153638814016171,1.052260144241276
281,"['Opp.FieldGoals.0.8-True', 'Steals0.6-False']",['WINorLOSS-True'],0.8153409090909091,1.0522304975429975
282,"['FieldGoalsAttempted0.6-False', 'Opp.FreeThrows0.8-True']",['WINorLOSS-True'],0.814866760168303,1.0516185891361207
283,"['Opp.FreeThrowsAttempted0.8-True', 'Opp.Turnovers0.6-False']",['WINorLOSS-True'],0.8148631029986961,1.0516138694104795
284,"['Turnovers0.8-True', 'Opp.Blocks0.6-False']",['WINorLOSS-True'],0.814765100671141,1.0514873934337023
285,"['Opp.FreeThrows0.6-False', 'Opp.FieldGoalsAttempted0.8-True']",['WINorLOSS-True'],0.8147138964577657,1.051421312320495
286,"['Opp.TotalFouls0.6-False', 'Opp.FieldGoals0.8-True']",['WINorLOSS-True'],0.8146666666666668,1.0513603603603605
287,"['Turnovers0.8-True', 'FieldGoals.0.6-False']",['WINorLOSS-True'],0.8140845070422535,1.0506090597639892
288,"['X3PointShots0.6-False', 'Opp.FieldGoals0.8-True']",['WINorLOSS-True'],0.8140495867768595,1.0505639937458118
289,"['FieldGoals0.8-True', 'Opp.TotalRebounds0.8-True']",['WINorLOSS-True'],0.8138888888888889,1.0503566066066066
290,"['Opp.3PointShotsAttempted0.8-True', 'Steals0.6-False']",['WINorLOSS-True'],0.813858695652174,1.0503176410105757
291,"['Assists0.6-False', 'Turnovers0.8-True']",['WINorLOSS-True'],0.8131101813110182,1.0493516529081384
292,"['X3PointShots0.8-True', 'Opp.3PointShotsAttempted0.8-True']",['WINorLOSS-True'],0.8126760563380282,1.0487913970308336
293,"['Opp.FreeThrowsAttempted0.8-True', 'X3PointShots.0.6-False']",['WINorLOSS-True'],0.8125,1.048564189189189
294,"['Opp.Steals0.6-False', 'Opp.FieldGoals0.8-True']",['WINorLOSS-True'],0.8123249299719888,1.048338254220607
295,"['Opp.FreeThrowsAttempted0.8-True', 'TotalRebounds0.8-True']",['WINorLOSS-True'],0.8118948824343015,1.047783260438862
296,"['Opp.3PointShots0.6-False', 'Opp.FreeThrows0.8-True']",['WINorLOSS-True'],0.8115746971736204,1.0473700483794695
297,"['FieldGoals0.6-False', 'Opp.FreeThrows0.8-True']",['WINorLOSS-True'],0.8114973262032087,1.0472701980054921
298,"['TotalRebounds0.8-True', 'Opp.TotalRebounds0.8-True']",['WINorLOSS-True'],0.8114525139664804,1.047212365997282
299,"['Assists0.6-False', 'Opp.FieldGoals0.8-True']",['WINorLOSS-True'],0.8114525139664804,1.047212365997282
300,"['TotalRebounds0.6-False', 'Opp.3PointShotsAttempted0.8-True']",['WINorLOSS-True'],0.8114209827357237,1.0471716736656975
301,"['FreeThrows.0.6-False', 'Opp.3PointShotsAttempted0.8-True']",['WINorLOSS-True'],0.8113975576662145,1.0471414426638308
302,"['FieldGoals0.8-True', 'OffRebounds0.6-False']",['WINorLOSS-True'],0.8111888111888113,1.046872046872047
303,"['Opp.3PointShots0.6-False', 'Opp.FieldGoalsAttempted0.8-True', 'Opp.3PointShotsAttempted0.6-False']",['WINorLOSS-True'],0.8109589041095889,1.0465753424657531
304,"['Opp.Turnovers0.6-False', 'FieldGoals0.8-True']",['WINorLOSS-True'],0.8108843537414967,1.046479132193418
305,"['Opp.3PointShots0.8-True', 'Opp.OffRebounds0.8-True']",['WINorLOSS-True'],0.8108484005563282,1.0464327331503964
306,"['Opp.Turnovers0.6-False', 'Opp.OffRebounds0.8-True']",['WINorLOSS-True'],0.810738255033557,1.0462905858879012
307,"['Turnovers0.8-True', 'OffRebounds0.6-False']",['WINorLOSS-True'],0.8105117565698479,1.0459982804381145
308,"['TotalRebounds0.8-True', 'OpponentPoints0.8-True']",['WINorLOSS-True'],0.8102981029810299,1.0457225518201128
309,"['Opp.Turnovers0.6-False', 'TotalRebounds0.6-False']",['WINorLOSS-True'],0.809840425531915,1.045131900517539
310,"['X3PointShots0.8-True', 'FieldGoals0.8-True']",['WINorLOSS-True'],0.8097902097902097,1.0450670950670948
311,"['Opp.3PointShots.0.6-False', 'Opp.FieldGoals0.8-True']",['WINorLOSS-True'],0.8097112860892388,1.0449652408313825
312,"['Opp.FreeThrowsAttempted0.8-True', 'Steals0.6-False']",['WINorLOSS-True'],0.8092643051771118,1.0443883938434348
313,"['Opp.3PointShots0.8-True', 'TotalRebounds0.8-True']",['WINorLOSS-True'],0.8092566619915847,1.0443785300026531
314,"['FieldGoals0.8-True', 'Steals0.6-False']",['WINorLOSS-True'],0.8089887640449438,1.0440327968417855
315,"['Turnovers0.8-True', 'Opp.3PointShots.0.6-False']",['WINorLOSS-True'],0.8084815321477428,1.0433781935149924
316,"['TotalRebounds0.8-True', 'Opp.OffRebounds0.8-True']",['WINorLOSS-True'],0.8084507042253521,1.0433384088313666
317,['TotalRebounds0.4-False'],['WINorLOSS-True'],0.8083333333333333,1.0431869369369369
318,"['TotalRebounds0.4-False', 'TotalRebounds0.6-False']",['WINorLOSS-True'],0.8083333333333333,1.0431869369369369
319,"['FieldGoals0.8-True', 'X3PointShots.0.6-False']",['WINorLOSS-True'],0.8082191780821917,1.043039614957423
320,"['Opp.TotalRebounds0.8-True', 'Steals0.6-False']",['WINorLOSS-True'],0.8081232492997198,1.0429158149746383
321,"['FieldGoals0.8-True', 'Opp.Blocks0.6-False']",['WINorLOSS-True'],0.8076923076923077,1.0423596673596673
322,"['Opp.FreeThrows0.8-True', 'Opp.FieldGoalsAttempted0.6-False']",['WINorLOSS-True'],0.8075370121130552,1.0421592521188752
323,"['FieldGoals0.8-True', 'FreeThrows.0.6-False']",['WINorLOSS-True'],0.8066759388038943,1.0410480021050257
324,"['FieldGoals0.8-True', 'Opp.OffRebounds0.8-True']",['WINorLOSS-True'],0.8066666666666666,1.041036036036036
325,"['Opp.3PointShots0.8-True', 'Opp.Turnovers0.6-False']",['WINorLOSS-True'],0.8066666666666666,1.041036036036036
326,"['Opp.OffRebounds0.8-True', 'Steals0.6-False']",['WINorLOSS-True'],0.8066298342541437,1.0409885023144692
327,['Opp.FieldGoals.0.8-True'],['WINorLOSS-True'],0.8061926605504588,1.0404243119266054
328,"['Opp.3PointShots0.8-True', 'X3PointShots.0.6-False']",['WINorLOSS-True'],0.8061797752808989,1.0404076829638627
329,"['TotalRebounds0.6-False', 'X3PointShots.0.6-False']",['WINorLOSS-True'],0.8060522696011003,1.0402431317149334
330,"['Opp.Turnovers0.6-False', 'Opp.TotalRebounds0.8-True']",['WINorLOSS-True'],0.8053691275167785,1.0393615091601667
331,"['Opp.3PointShots0.8-True', 'Steals0.6-False']",['WINorLOSS-True'],0.8051771117166212,1.0391137049856394
332,"['FieldGoals0.8-True', 'Blocks0.6-False']",['WINorLOSS-True'],0.8051612903225807,1.0390932868352223
333,"['Opp.FieldGoals.0.8-True', 'Opp.Blocks0.6-False']",['WINorLOSS-True'],0.8050397877984085,1.038936482902
334,"['Opp.TotalRebounds0.8-True', 'X3PointShots.0.6-False']",['WINorLOSS-True'],0.804741980474198,1.0385521504768365
335,"['Opp.Assists0.6-False', 'Opp.FreeThrows0.8-True']",['WINorLOSS-True'],0.8045822102425876,1.0383459605157717
336,"['Opp.Blocks0.6-False', 'Opp.3PointShotsAttempted0.8-True']",['WINorLOSS-True'],0.8045685279187819,1.0383283029222117
337,"['Opp.Turnovers0.6-False', 'TotalRebounds0.8-True']",['WINorLOSS-True'],0.8045212765957447,1.038267323174238
338,"['X3PointShotsAttempted0.8-True', 'Opp.3PointShotsAttempted0.8-True']",['WINorLOSS-True'],0.8044077134986227,1.0381207653934927
339,"['Opp.Turnovers0.4-False', 'Steals0.6-False']",['WINorLOSS-True'],0.8043775649794801,1.0380818575073019
340,"['Opp.Turnovers0.4-False', 'Opp.Turnovers0.6-False', 'Steals0.6-False']",['WINorLOSS-True'],0.8043775649794801,1.0380818575073019
341,['Opp.3PointShotsAttempted0.8-True'],['WINorLOSS-True'],0.8043715846994535,1.0380741397134838
342,"['Opp.TotalRebounds0.8-True', 'OffRebounds0.6-False']",['WINorLOSS-True'],0.8043478260869564,1.0380434782608694
343,"['FieldGoalsAttempted0.8-True', 'Opp.3PointShotsAttempted0.8-True']",['WINorLOSS-True'],0.8043478260869564,1.0380434782608694
344,"['Opp.OffRebounds0.6-False', 'Turnovers0.8-True']",['WINorLOSS-True'],0.8041379310344828,1.0377726001863934
345,"['Opp.FieldGoals.0.8-True', 'OffRebounds0.6-False']",['WINorLOSS-True'],0.8040540540540541,1.037664353542732
346,"['Opp.FreeThrowsAttempted0.8-True', 'OffRebounds0.6-False']",['WINorLOSS-True'],0.8036649214659686,1.037162162162162
347,['FieldGoals0.8-True'],['WINorLOSS-True'],0.8035714285714286,1.0370415057915057
348,"['Opp.FreeThrows.0.8-True', 'Opp.OffRebounds0.8-True']",['WINorLOSS-True'],0.8035714285714285,1.0370415057915057
349,"['TotalRebounds0.8-True', 'TotalRebounds0.6-False']",['WINorLOSS-True'],0.8035470668485675,1.0370100660005162
350,"['X3PointShots.0.6-False', 'Opp.OffRebounds0.8-True']",['WINorLOSS-True'],0.8034993270524899,1.0369484558582809
351,"['Opp.TotalRebounds0.8-True', 'FreeThrows.0.6-False']",['WINorLOSS-True'],0.8033012379642366,1.0366928138592513
352,"['Opp.TotalFouls0.6-False', 'Opp.3PointShotsAttempted0.8-True']",['WINorLOSS-True'],0.8032786885245902,1.036663712893221
353,"['TotalRebounds0.6-False', 'Steals0.6-False']",['WINorLOSS-True'],0.8032786885245902,1.036663712893221
354,"['Opp.3PointShotsAttempted0.8-True', 'OffRebounds0.6-False']",['WINorLOSS-True'],0.803129074315515,1.0364706296909685
355,"['Turnovers0.8-True', 'Opp.Steals0.6-False']",['WINorLOSS-True'],0.8030513176144244,1.0363702815159126
356,"['TotalRebounds0.8-True', 'Steals0.6-False']",['WINorLOSS-True'],0.8030303030303031,1.0363431613431613
357,"['Opp.FieldGoals.0.8-True', 'X3PointShots0.6-False']",['WINorLOSS-True'],0.8027397260273972,1.0359681599407626
358,['Opp.FreeThrowsAttempted0.8-True'],['WINorLOSS-True'],0.8022099447513812,1.0352844557264447
359,['Opp.Turnovers0.4-False'],['WINorLOSS-True'],0.8020698576972833,1.0351036677039265
360,"['Opp.Turnovers0.4-False', 'Opp.Turnovers0.6-False']",['WINorLOSS-True'],0.8020698576972833,1.0351036677039265
361,"['Opp.FreeThrowsAttempted0.8-True', 'FreeThrows.0.6-False']",['WINorLOSS-True'],0.8016528925619836,1.03456555729283
362,"['FreeThrowsAttempted0.6-False', 'Opp.3PointShotsAttempted0.8-True']",['WINorLOSS-True'],0.8016304347826086,1.0345365746180963
363,"['Opp.TotalFouls0.6-False', 'Opp.FieldGoals.0.8-True']",['WINorLOSS-True'],0.8015873015873015,1.0344809094809093
364,"['Opp.FreeThrowsAttempted0.8-True', 'Opp.Blocks0.6-False']",['WINorLOSS-True'],0.801556420233463,1.034441055841834
365,"['X3PointShots.0.8-True', 'Opp.3PointShotsAttempted0.8-True']",['WINorLOSS-True'],0.8013888888888888,1.0342248498498496
366,"['Turnovers0.8-True', 'FieldGoals0.6-False']",['WINorLOSS-True'],0.8010899182561307,1.0338390161278443
367,"['Opp.TotalRebounds0.8-True', 'Opp.Blocks0.6-False']",['WINorLOSS-True'],0.8007915567282322,1.0334539684803536
368,"['TotalFouls0.6-False', 'Opp.FieldGoals0.8-True']",['WINorLOSS-True'],0.8005284015852047,1.0331143560998248
369,"['Blocks0.6-False', 'Opp.3PointShotsAttempted0.8-True']",['WINorLOSS-True'],0.8005050505050506,1.0330842205842206
370,"['FreeThrows0.6-False', 'Opp.3PointShotsAttempted0.8-True']",['WINorLOSS-True'],0.8002680965147453,1.0327784218534888
